CREATE DATABASE  IF NOT EXISTS `gestion_inventario` /*!40100 DEFAULT CHARACTER SET utf8mb4 COLLATE utf8mb4_0900_ai_ci */ /*!80016 DEFAULT ENCRYPTION='N' */;
USE `gestion_inventario`;
-- MySQL dump 10.13  Distrib 8.0.22, for Win64 (x86_64)
--
-- Host: localhost    Database: gestion_inventario
-- ------------------------------------------------------
-- Server version	8.0.22

/*!40101 SET @OLD_CHARACTER_SET_CLIENT=@@CHARACTER_SET_CLIENT */;
/*!40101 SET @OLD_CHARACTER_SET_RESULTS=@@CHARACTER_SET_RESULTS */;
/*!40101 SET @OLD_COLLATION_CONNECTION=@@COLLATION_CONNECTION */;
/*!50503 SET NAMES utf8 */;
/*!40103 SET @OLD_TIME_ZONE=@@TIME_ZONE */;
/*!40103 SET TIME_ZONE='+00:00' */;
/*!40014 SET @OLD_UNIQUE_CHECKS=@@UNIQUE_CHECKS, UNIQUE_CHECKS=0 */;
/*!40014 SET @OLD_FOREIGN_KEY_CHECKS=@@FOREIGN_KEY_CHECKS, FOREIGN_KEY_CHECKS=0 */;
/*!40101 SET @OLD_SQL_MODE=@@SQL_MODE, SQL_MODE='NO_AUTO_VALUE_ON_ZERO' */;
/*!40111 SET @OLD_SQL_NOTES=@@SQL_NOTES, SQL_NOTES=0 */;

--
-- Table structure for table `cliente`
--

DROP TABLE IF EXISTS `cliente`;
/*!40101 SET @saved_cs_client     = @@character_set_client */;
/*!50503 SET character_set_client = utf8mb4 */;
CREATE TABLE `cliente` (
  `id_cliente` int NOT NULL AUTO_INCREMENT,
  `nombre` varchar(45) NOT NULL,
  `edad` int NOT NULL,
  `direccion` varchar(45) NOT NULL,
  `telefono` varchar(45) NOT NULL,
  `email` varchar(45) NOT NULL,
  PRIMARY KEY (`id_cliente`)
) ENGINE=InnoDB AUTO_INCREMENT=17 DEFAULT CHARSET=utf8mb4 COLLATE=utf8mb4_0900_ai_ci;
/*!40101 SET character_set_client = @saved_cs_client */;

--
-- Dumping data for table `cliente`
--

LOCK TABLES `cliente` WRITE;
/*!40000 ALTER TABLE `cliente` DISABLE KEYS */;
INSERT INTO `cliente` VALUES (13,'Rafael Carvacho',20,'Psj. Tolten 0881','76559399','rafael.carvacho@gmail.com');
/*!40000 ALTER TABLE `cliente` ENABLE KEYS */;
UNLOCK TABLES;

--
-- Table structure for table `jefe_sucursal`
--

DROP TABLE IF EXISTS `jefe_sucursal`;
/*!40101 SET @saved_cs_client     = @@character_set_client */;
/*!50503 SET character_set_client = utf8mb4 */;
CREATE TABLE `jefe_sucursal` (
  `id_jefe_sucursal` int NOT NULL AUTO_INCREMENT,
  `id_sucursal` int NOT NULL,
  `nombre` varchar(45) NOT NULL,
  `edad` int NOT NULL,
  PRIMARY KEY (`id_jefe_sucursal`)
) ENGINE=InnoDB AUTO_INCREMENT=16 DEFAULT CHARSET=utf8mb4 COLLATE=utf8mb4_0900_ai_ci;
/*!40101 SET character_set_client = @saved_cs_client */;

--
-- Dumping data for table `jefe_sucursal`
--

LOCK TABLES `jefe_sucursal` WRITE;
/*!40000 ALTER TABLE `jefe_sucursal` DISABLE KEYS */;
INSERT INTO `jefe_sucursal` VALUES (8,8,'Juan Jose',31),(9,8,'Juan Jose',35),(10,8,'Juan Carlos Riquelme',35),(11,8,'Juan Carlos Riquelme',40),(12,8,'Juan Carlos Riquelme xdxdxdxdxx',40),(13,8,'Juan Carlos Riquelme',40);
/*!40000 ALTER TABLE `jefe_sucursal` ENABLE KEYS */;
UNLOCK TABLES;

--
-- Table structure for table `producto`
--

DROP TABLE IF EXISTS `producto`;
/*!40101 SET @saved_cs_client     = @@character_set_client */;
/*!50503 SET character_set_client = utf8mb4 */;
CREATE TABLE `producto` (
  `id_producto` int NOT NULL AUTO_INCREMENT,
  `nombre` varchar(45) NOT NULL,
  `barcode` varchar(45) NOT NULL,
  `stock_total` int NOT NULL,
  `precio` int NOT NULL,
  `descripcion` varchar(305) NOT NULL,
  PRIMARY KEY (`id_producto`)
) ENGINE=InnoDB AUTO_INCREMENT=16 DEFAULT CHARSET=utf8mb4 COLLATE=utf8mb4_0900_ai_ci;
/*!40101 SET character_set_client = @saved_cs_client */;

--
-- Dumping data for table `producto`
--

LOCK TABLES `producto` WRITE;
/*!40000 ALTER TABLE `producto` DISABLE KEYS */;
INSERT INTO `producto` VALUES (6,'Pisco Mistral','123456789',13,6700,'Un pisco weno, pero weno weno xdxd, ante ayer estaba tomando y puta que estaba weno xdxdxd'),(7,'Chivas Regal 12 años','A12345678',40,30000,'Un Whisky de esos que te dejan pa la corneta amigo mio ayudame no me siento bien, quiero irme pa la casa'),(8,'Agua en Botella Benedictino con gas de 1L','000012345',91,1000,'Un agua con gas'),(9,'qwe','qweqweqwe',12,12,'wqe'),(10,'Cachantun con Gas 1L','ABC123456',4,900,'Un agua gasificada'),(11,'xd','xdxdxdxdx',23,34,''),(12,'Mistral 1L caja azul','123456798',43,6000,'Un pisco que salva'),(13,'qwer','987654321',1,4000000,'nose pero vale caro'),(14,'Solo en sucursal 2','AB1234567',150,5000,'Solo en sucursal 2');
/*!40000 ALTER TABLE `producto` ENABLE KEYS */;
UNLOCK TABLES;

--
-- Table structure for table `region`
--

DROP TABLE IF EXISTS `region`;
/*!40101 SET @saved_cs_client     = @@character_set_client */;
/*!50503 SET character_set_client = utf8mb4 */;
CREATE TABLE `region` (
  `id_region` int NOT NULL AUTO_INCREMENT,
  `nombre` varchar(45) NOT NULL,
  PRIMARY KEY (`id_region`)
) ENGINE=InnoDB AUTO_INCREMENT=33 DEFAULT CHARSET=utf8mb4 COLLATE=utf8mb4_0900_ai_ci;
/*!40101 SET character_set_client = @saved_cs_client */;

--
-- Dumping data for table `region`
--

LOCK TABLES `region` WRITE;
/*!40000 ALTER TABLE `region` DISABLE KEYS */;
INSERT INTO `region` VALUES (17,'Valparaiso');
/*!40000 ALTER TABLE `region` ENABLE KEYS */;
UNLOCK TABLES;

--
-- Table structure for table `sucursal`
--

DROP TABLE IF EXISTS `sucursal`;
/*!40101 SET @saved_cs_client     = @@character_set_client */;
/*!50503 SET character_set_client = utf8mb4 */;
CREATE TABLE `sucursal` (
  `id_sucursal` int NOT NULL AUTO_INCREMENT,
  `id_region` int NOT NULL,
  `nombre` varchar(45) NOT NULL,
  `direccion` varchar(45) NOT NULL,
  `telefono` varchar(45) NOT NULL,
  PRIMARY KEY (`id_sucursal`)
) ENGINE=InnoDB AUTO_INCREMENT=12 DEFAULT CHARSET=utf8mb4 COLLATE=utf8mb4_0900_ai_ci;
/*!40101 SET character_set_client = @saved_cs_client */;

--
-- Dumping data for table `sucursal`
--

LOCK TABLES `sucursal` WRITE;
/*!40000 ALTER TABLE `sucursal` DISABLE KEYS */;
INSERT INTO `sucursal` VALUES (8,17,'Sucursal de Ejemplo 01','Brasil #1623','76831945'),(10,17,'Ejemplo 2','calle Ejemplo 2','79685412');
/*!40000 ALTER TABLE `sucursal` ENABLE KEYS */;
UNLOCK TABLES;

--
-- Table structure for table `sucursal_producto`
--

DROP TABLE IF EXISTS `sucursal_producto`;
/*!40101 SET @saved_cs_client     = @@character_set_client */;
/*!50503 SET character_set_client = utf8mb4 */;
CREATE TABLE `sucursal_producto` (
  `id_sucursal_producto` int NOT NULL AUTO_INCREMENT,
  `id_producto` int NOT NULL,
  `id_sucursal` int NOT NULL,
  `stock` int NOT NULL,
  PRIMARY KEY (`id_sucursal_producto`)
) ENGINE=InnoDB AUTO_INCREMENT=21 DEFAULT CHARSET=utf8mb4 COLLATE=utf8mb4_0900_ai_ci;
/*!40101 SET character_set_client = @saved_cs_client */;

--
-- Dumping data for table `sucursal_producto`
--

LOCK TABLES `sucursal_producto` WRITE;
/*!40000 ALTER TABLE `sucursal_producto` DISABLE KEYS */;
INSERT INTO `sucursal_producto` VALUES (7,6,8,13),(9,7,8,40),(10,8,8,91),(11,9,8,12),(12,10,8,4),(13,11,8,23),(14,12,8,23),(15,13,8,1),(16,14,10,150),(17,12,10,20);
/*!40000 ALTER TABLE `sucursal_producto` ENABLE KEYS */;
UNLOCK TABLES;
/*!40103 SET TIME_ZONE=@OLD_TIME_ZONE */;

/*!40101 SET SQL_MODE=@OLD_SQL_MODE */;
/*!40014 SET FOREIGN_KEY_CHECKS=@OLD_FOREIGN_KEY_CHECKS */;
/*!40014 SET UNIQUE_CHECKS=@OLD_UNIQUE_CHECKS */;
/*!40101 SET CHARACTER_SET_CLIENT=@OLD_CHARACTER_SET_CLIENT */;
/*!40101 SET CHARACTER_SET_RESULTS=@OLD_CHARACTER_SET_RESULTS */;
/*!40101 SET COLLATION_CONNECTION=@OLD_COLLATION_CONNECTION */;
/*!40111 SET SQL_NOTES=@OLD_SQL_NOTES */;

-- Dump completed on 2021-04-04 17:34:18
